
> directory-website@0.1.0 import-descriptions
> node scripts/import-city-descriptions.js

📥 Starting import of city descriptions...

✅ Using FINAL descriptions (merged with corrections applied)
📊 Loaded 3968 verified descriptions

💾 Creating backup of cities table...
✅ Backup created: data/backups/cities-backup-2025-11-05T21-44-03-832Z.json
   Backed up 1000 cities with existing descriptions

📝 Importing descriptions...

   ⚠️  City not found: Athens, Alabama (ID: athens-alabama)
   ⚠️  City not found: Auburn, Alabama (ID: auburn-alabama)
   ⚠️  City not found: Decatur, Alabama (ID: decatur-alabama)
   ⚠️  City not found: Florence, Alabama (ID: florence-alabama)
   ⚠️  City not found: Homewood, Alabama (ID: homewood-alabama)
   ⚠️  City not found: Jasper, Alabama (ID: jasper-alabama)
   ⚠️  City not found: Lincoln, Alabama (ID: lincoln-alabama)
   ⚠️  City not found: Madison, Alabama (ID: madison-alabama)
   Progress: 50/3968...
   ⚠️  City not found: Douglas, Arizona (ID: douglas-arizona)
   ⚠️  City not found: Florence, Arizona (ID: florence-arizona)
   ⚠️  City not found: Glendale, Arizona (ID: glendale-arizona)
   Progress: 100/3968...
   ⚠️  City not found: Peoria, Arizona (ID: peoria-arizona)
   ⚠️  City not found: Benton, Arkansas (ID: benton-arkansas)
   ⚠️  City not found: Fayetteville, Arkansas (ID: fayetteville-arkansas)
   ⚠️  City not found: Jacksonville, Arkansas (ID: jacksonville-arkansas)
   ⚠️  City not found: Jonesboro, Arkansas (ID: jonesboro-arkansas)
   ⚠️  City not found: Mountain Home, Arkansas (ID: mountain-home-arkansas)
   Progress: 150/3968...
   ⚠️  City not found: Antioch, California (ID: antioch-california)
   ⚠️  City not found: Arcadia, California (ID: arcadia-california)
   ⚠️  City not found: Bloomington, California (ID: bloomington-california)
   ⚠️  City not found: Burbank, California (ID: burbank-california)
   Progress: 200/3968...
   ⚠️  City not found: Commerce, California (ID: commerce-california)
   ⚠️  City not found: Dublin, California (ID: dublin-california)
   ⚠️  City not found: Fairfield, California (ID: fairfield-california)
   Progress: 250/3968...
   ⚠️  City not found: Lafayette, California (ID: lafayette-california)
   ⚠️  City not found: Lakewood, California (ID: lakewood-california)
   ⚠️  City not found: Lincoln, California (ID: lincoln-california)
   ⚠️  City not found: Martinez, California (ID: martinez-california)
   Progress: 300/3968...
   ⚠️  City not found: Quincy, California (ID: quincy-california)
   ⚠️  City not found: Riverside, California (ID: riverside-california)
   Progress: 350/3968...
   Progress: 400/3968...
   ⚠️  City not found: Venice, California (ID: venice-california)
   ⚠️  City not found: Westminster, California (ID: westminster-california)
   ⚠️  City not found: Wilmington, California (ID: wilmington-california)
   ⚠️  City not found: Windsor, California (ID: windsor-california)
   ⚠️  City not found: Aurora, Colorado (ID: aurora-colorado)
   ⚠️  City not found: Englewood, Colorado (ID: englewood-colorado)
   Progress: 450/3968...
   ⚠️  City not found: Granby, Colorado (ID: granby-colorado)
   ⚠️  City not found: Lafayette, Colorado (ID: lafayette-colorado)
   ⚠️  City not found: Sterling, Colorado (ID: sterling-colorado)
   ⚠️  City not found: Canton, Connecticut (ID: canton-connecticut)
   Progress: 500/3968...
   ⚠️  City not found: Middletown, Connecticut (ID: middletown-connecticut)
   ⚠️  City not found: Milford, Connecticut (ID: milford-connecticut)
   ⚠️  City not found: Monroe, Connecticut (ID: monroe-connecticut)
   Progress: 550/3968...
   ⚠️  City not found: Smyrna, Delaware (ID: smyrna-delaware)
   ⚠️  City not found: Washington, District of Columbia (ID: washington-district-of-columbia)
   Progress: 600/3968...
   ⚠️  City not found: Gainesville, Florida (ID: gainesville-florida)
   ⚠️  City not found: Jacksonville, Florida (ID: jacksonville-florida)
   Progress: 650/3968...
   Progress: 700/3968...
   ⚠️  City not found: Quincy, Florida (ID: quincy-florida)
   Progress: 750/3968...
   ⚠️  City not found: Canton, Georgia (ID: canton-georgia)
   ⚠️  City not found: Decatur, Georgia (ID: decatur-georgia)
   Progress: 800/3968...
   ⚠️  City not found: Forsyth, Georgia (ID: forsyth-georgia)
   Progress: 850/3968...
   ⚠️  City not found: Woodstock, Georgia (ID: woodstock-georgia)
   Progress: 900/3968...
   Progress: 950/3968...
   Progress: 1000/3968...
   Progress: 1050/3968...
   ⚠️  City not found: Anderson, Indiana (ID: anderson-indiana)
   ⚠️  City not found: Auburn, Indiana (ID: auburn-indiana)
   ⚠️  City not found: Aurora, Indiana (ID: aurora-indiana)
   ⚠️  City not found: Avon, Indiana (ID: avon-indiana)
   ⚠️  City not found: Bedford, Indiana (ID: bedford-indiana)
   ⚠️  City not found: Bloomington, Indiana (ID: bloomington-indiana)
   ⚠️  City not found: Bluffton, Indiana (ID: bluffton-indiana)
   ⚠️  City not found: Boonville, Indiana (ID: boonville-indiana)
   ⚠️  City not found: Bristol, Indiana (ID: bristol-indiana)
   ⚠️  City not found: Clarksville, Indiana (ID: clarksville-indiana)
   ⚠️  City not found: Columbus, Indiana (ID: columbus-indiana)
   ⚠️  City not found: Danville, Indiana (ID: danville-indiana)
   ⚠️  City not found: Frankfort, Indiana (ID: frankfort-indiana)
   ⚠️  City not found: Franklin, Indiana (ID: franklin-indiana)
   Progress: 1100/3968...
   ⚠️  City not found: Greenfield, Indiana (ID: greenfield-indiana)
   ⚠️  City not found: Greenwood, Indiana (ID: greenwood-indiana)
   ⚠️  City not found: Hammond, Indiana (ID: hammond-indiana)
   ⚠️  City not found: Highland, Indiana (ID: highland-indiana)
   ⚠️  City not found: Huntington, Indiana (ID: huntington-indiana)
   ⚠️  City not found: Jasper, Indiana (ID: jasper-indiana)
   ⚠️  City not found: Jeffersonville, Indiana (ID: jeffersonville-indiana)
   ⚠️  City not found: La Porte, Indiana (ID: la-porte-indiana)
   ⚠️  City not found: Lafayette, Indiana (ID: lafayette-indiana)
   ⚠️  City not found: Lawrenceburg, Indiana (ID: lawrenceburg-indiana)
   ⚠️  City not found: Lebanon, Indiana (ID: lebanon-indiana)
   ⚠️  City not found: Madison, Indiana (ID: madison-indiana)
   ⚠️  City not found: Marion, Indiana (ID: marion-indiana)
   ⚠️  City not found: Martinsville, Indiana (ID: martinsville-indiana)
   ⚠️  City not found: Mitchell, Indiana (ID: mitchell-indiana)
   ⚠️  City not found: Monticello, Indiana (ID: monticello-indiana)
   ⚠️  City not found: New Haven, Indiana (ID: new-haven-indiana)
   ⚠️  City not found: Peru, Indiana (ID: peru-indiana)
   ⚠️  City not found: Plainfield, Indiana (ID: plainfield-indiana)
   ⚠️  City not found: Plymouth, Indiana (ID: plymouth-indiana)
   ⚠️  City not found: Portage, Indiana (ID: portage-indiana)
   ⚠️  City not found: Portland, Indiana (ID: portland-indiana)
   ⚠️  City not found: Richmond, Indiana (ID: richmond-indiana)
   ⚠️  City not found: Rochester, Indiana (ID: rochester-indiana)
   ⚠️  City not found: Rockville, Indiana (ID: rockville-indiana)
   ⚠️  City not found: Seymour, Indiana (ID: seymour-indiana)
   ⚠️  City not found: Shelbyville, Indiana (ID: shelbyville-indiana)
   ⚠️  City not found: Spencer, Indiana (ID: spencer-indiana)
   ⚠️  City not found: Union City, Indiana (ID: union-city-indiana)
   ⚠️  City not found: Warsaw, Indiana (ID: warsaw-indiana)
   Progress: 1150/3968...
   ⚠️  City not found: Westfield, Indiana (ID: westfield-indiana)
   ⚠️  City not found: Boone, Iowa (ID: boone-iowa)
   ⚠️  City not found: Burlington, Iowa (ID: burlington-iowa)
   ⚠️  City not found: Carlisle, Iowa (ID: carlisle-iowa)
   ⚠️  City not found: Centerville, Iowa (ID: centerville-iowa)
   ⚠️  City not found: Clinton, Iowa (ID: clinton-iowa)
   ⚠️  City not found: Denison, Iowa (ID: denison-iowa)
   ⚠️  City not found: Fairfield, Iowa (ID: fairfield-iowa)
   ⚠️  City not found: Harlan, Iowa (ID: harlan-iowa)
   ⚠️  City not found: Independence, Iowa (ID: independence-iowa)
   ⚠️  City not found: Marion, Iowa (ID: marion-iowa)
   ⚠️  City not found: Mt Pleasant, Iowa (ID: mt-pleasant-iowa)
   ⚠️  City not found: Nevada, Iowa (ID: nevada-iowa)
   ⚠️  City not found: Newton, Iowa (ID: newton-iowa)
   ⚠️  City not found: Osceola, Iowa (ID: osceola-iowa)
   Progress: 1200/3968...
   ⚠️  City not found: Waterloo, Iowa (ID: waterloo-iowa)
   ⚠️  City not found: Augusta, Kansas (ID: augusta-kansas)
   ⚠️  City not found: Emporia, Kansas (ID: emporia-kansas)
   ⚠️  City not found: Garden City, Kansas (ID: garden-city-kansas)
   ⚠️  City not found: Kansas City, Kansas (ID: kansas-city-kansas)
   ⚠️  City not found: Lawrence, Kansas (ID: lawrence-kansas)
   ⚠️  City not found: Mission, Kansas (ID: mission-kansas)
   ⚠️  City not found: Newton, Kansas (ID: newton-kansas)
   ⚠️  City not found: Ottawa, Kansas (ID: ottawa-kansas)
   ⚠️  City not found: Pittsburg, Kansas (ID: pittsburg-kansas)
   ⚠️  City not found: Shawnee, Kansas (ID: shawnee-kansas)
   ⚠️  City not found: Winfield, Kansas (ID: winfield-kansas)
   ⚠️  City not found: Albany, Kentucky (ID: albany-kentucky)
   Progress: 1250/3968...
   ⚠️  City not found: Ashland, Kentucky (ID: ashland-kentucky)
   ⚠️  City not found: Bowling Green, Kentucky (ID: bowling-green-kentucky)
   ⚠️  City not found: Burlington, Kentucky (ID: burlington-kentucky)
   ⚠️  City not found: Covington, Kentucky (ID: covington-kentucky)
   ⚠️  City not found: Crestwood, Kentucky (ID: crestwood-kentucky)
   ⚠️  City not found: Danville, Kentucky (ID: danville-kentucky)
   ⚠️  City not found: Elizabethtown, Kentucky (ID: elizabethtown-kentucky)
   ⚠️  City not found: Florence, Kentucky (ID: florence-kentucky)
   ⚠️  City not found: Frankfort, Kentucky (ID: frankfort-kentucky)
   ⚠️  City not found: Franklin, Kentucky (ID: franklin-kentucky)
   ⚠️  City not found: Georgetown, Kentucky (ID: georgetown-kentucky)
   ⚠️  City not found: Glasgow, Kentucky (ID: glasgow-kentucky)
   ⚠️  City not found: Henderson, Kentucky (ID: henderson-kentucky)
   ⚠️  City not found: Irvine, Kentucky (ID: irvine-kentucky)
   ⚠️  City not found: Lancaster, Kentucky (ID: lancaster-kentucky)
   ⚠️  City not found: Lexington, Kentucky (ID: lexington-kentucky)
   ⚠️  City not found: Louisville, Kentucky (ID: louisville-kentucky)
   ⚠️  City not found: Madisonville, Kentucky (ID: madisonville-kentucky)
   ⚠️  City not found: Middletown, Kentucky (ID: middletown-kentucky)
   ⚠️  City not found: Monticello, Kentucky (ID: monticello-kentucky)
   ⚠️  City not found: Murray, Kentucky (ID: murray-kentucky)
   ⚠️  City not found: Newport, Kentucky (ID: newport-kentucky)
   Progress: 1300/3968...
   ⚠️  City not found: Paris, Kentucky (ID: paris-kentucky)
   ⚠️  City not found: Princeton, Kentucky (ID: princeton-kentucky)
   ⚠️  City not found: Providence, Kentucky (ID: providence-kentucky)
   ⚠️  City not found: Richmond, Kentucky (ID: richmond-kentucky)
   ⚠️  City not found: Russellville, Kentucky (ID: russellville-kentucky)
   ⚠️  City not found: Shelbyville, Kentucky (ID: shelbyville-kentucky)
   ⚠️  City not found: Somerset, Kentucky (ID: somerset-kentucky)
   ⚠️  City not found: Winchester, Kentucky (ID: winchester-kentucky)
   ⚠️  City not found: Alexandria, Louisiana (ID: alexandria-louisiana)
   ⚠️  City not found: Covington, Louisiana (ID: covington-louisiana)
   ⚠️  City not found: Independence, Louisiana (ID: independence-louisiana)
   ⚠️  City not found: Lafayette, Louisiana (ID: lafayette-louisiana)
   Progress: 1350/3968...
   ⚠️  City not found: Monroe, Louisiana (ID: monroe-louisiana)
   ⚠️  City not found: Auburn, Maine (ID: auburn-maine)
   ⚠️  City not found: Augusta, Maine (ID: augusta-maine)
   ⚠️  City not found: Berwick, Maine (ID: berwick-maine)
   ⚠️  City not found: Bethel, Maine (ID: bethel-maine)
   ⚠️  City not found: Brunswick, Maine (ID: brunswick-maine)
   ⚠️  City not found: Dexter, Maine (ID: dexter-maine)
   ⚠️  City not found: Farmingdale, Maine (ID: farmingdale-maine)
   ⚠️  City not found: Farmington, Maine (ID: farmington-maine)
   ⚠️  City not found: Freeport, Maine (ID: freeport-maine)
   Progress: 1400/3968...
   ⚠️  City not found: Lewiston, Maine (ID: lewiston-maine)
   ⚠️  City not found: Lincoln, Maine (ID: lincoln-maine)
   ⚠️  City not found: Naples, Maine (ID: naples-maine)
   ⚠️  City not found: Oakland, Maine (ID: oakland-maine)
   ⚠️  City not found: Oxford, Maine (ID: oxford-maine)
   ⚠️  City not found: Portland, Maine (ID: portland-maine)
   ⚠️  City not found: Sanford, Maine (ID: sanford-maine)
   ⚠️  City not found: Thomaston, Maine (ID: thomaston-maine)
   ⚠️  City not found: Windham, Maine (ID: windham-maine)
   ⚠️  City not found: Aberdeen, Maryland (ID: aberdeen-maryland)
   ⚠️  City not found: Berlin, Maryland (ID: berlin-maryland)
   ⚠️  City not found: Cambridge, Maryland (ID: cambridge-maryland)
   ⚠️  City not found: Centreville, Maryland (ID: centreville-maryland)
   ⚠️  City not found: Clinton, Maryland (ID: clinton-maryland)
   ⚠️  City not found: College Park, Maryland (ID: college-park-maryland)
   ⚠️  City not found: Columbia, Maryland (ID: columbia-maryland)
   ⚠️  City not found: Delmar, Maryland (ID: delmar-maryland)
   ⚠️  City not found: Denton, Maryland (ID: denton-maryland)
   ⚠️  City not found: Easton, Maryland (ID: easton-maryland)
   Progress: 1450/3968...
   ⚠️  City not found: Edgewater, Maryland (ID: edgewater-maryland)
   ⚠️  City not found: Edgewood, Maryland (ID: edgewood-maryland)
   ⚠️  City not found: Germantown, Maryland (ID: germantown-maryland)
   ⚠️  City not found: Hampstead, Maryland (ID: hampstead-maryland)
   ⚠️  City not found: Hanover, Maryland (ID: hanover-maryland)
   ⚠️  City not found: Hughesville, Maryland (ID: hughesville-maryland)
   ⚠️  City not found: Laurel, Maryland (ID: laurel-maryland)
   ⚠️  City not found: Mechanicsville, Maryland (ID: mechanicsville-maryland)
   ⚠️  City not found: Mt Airy, Maryland (ID: mt-airy-maryland)
   ⚠️  City not found: Oakland, Maryland (ID: oakland-maryland)
   ⚠️  City not found: Pasadena, Maryland (ID: pasadena-maryland)
   ⚠️  City not found: Rockville, Maryland (ID: rockville-maryland)
   ⚠️  City not found: Salisbury, Maryland (ID: salisbury-maryland)
   Progress: 1500/3968...
   ⚠️  City not found: Westminster, Maryland (ID: westminster-maryland)
   ⚠️  City not found: Amherst, Massachusetts (ID: amherst-massachusetts)
   ⚠️  City not found: Andover, Massachusetts (ID: andover-massachusetts)
   ⚠️  City not found: Arlington, Massachusetts (ID: arlington-massachusetts)
   ⚠️  City not found: Ashland, Massachusetts (ID: ashland-massachusetts)
   ⚠️  City not found: Bellingham, Massachusetts (ID: bellingham-massachusetts)
   ⚠️  City not found: Bridgewater, Massachusetts (ID: bridgewater-massachusetts)
   ⚠️  City not found: Cambridge, Massachusetts (ID: cambridge-massachusetts)
   ⚠️  City not found: Canton, Massachusetts (ID: canton-massachusetts)
   ⚠️  City not found: Concord, Massachusetts (ID: concord-massachusetts)
   ⚠️  City not found: Dorchester, Massachusetts (ID: dorchester-massachusetts)
   ⚠️  City not found: Dudley, Massachusetts (ID: dudley-massachusetts)
   ⚠️  City not found: Everett, Massachusetts (ID: everett-massachusetts)
   Progress: 1550/3968...
   ⚠️  City not found: Florence, Massachusetts (ID: florence-massachusetts)
   ⚠️  City not found: Franklin, Massachusetts (ID: franklin-massachusetts)
   ⚠️  City not found: Georgetown, Massachusetts (ID: georgetown-massachusetts)
   ⚠️  City not found: Greenfield, Massachusetts (ID: greenfield-massachusetts)
   ⚠️  City not found: Halifax, Massachusetts (ID: halifax-massachusetts)
   ⚠️  City not found: Hanover, Massachusetts (ID: hanover-massachusetts)
   ⚠️  City not found: Hudson, Massachusetts (ID: hudson-massachusetts)
   ⚠️  City not found: Kingston, Massachusetts (ID: kingston-massachusetts)
   ⚠️  City not found: Lawrence, Massachusetts (ID: lawrence-massachusetts)
   ⚠️  City not found: Littleton, Massachusetts (ID: littleton-massachusetts)
   ⚠️  City not found: Lowell, Massachusetts (ID: lowell-massachusetts)
   ⚠️  City not found: Mansfield, Massachusetts (ID: mansfield-massachusetts)
   ⚠️  City not found: Marion, Massachusetts (ID: marion-massachusetts)
   ⚠️  City not found: Medford, Massachusetts (ID: medford-massachusetts)
   ⚠️  City not found: Middleton, Massachusetts (ID: middleton-massachusetts)
   ⚠️  City not found: Milford, Massachusetts (ID: milford-massachusetts)
   ⚠️  City not found: Newton, Massachusetts (ID: newton-massachusetts)
   Progress: 1600/3968...
   ⚠️  City not found: Northampton, Massachusetts (ID: northampton-massachusetts)
   ⚠️  City not found: Norton, Massachusetts (ID: norton-massachusetts)
   ⚠️  City not found: Orange, Massachusetts (ID: orange-massachusetts)
   ⚠️  City not found: Orleans, Massachusetts (ID: orleans-massachusetts)
   ⚠️  City not found: Plymouth, Massachusetts (ID: plymouth-massachusetts)
   ⚠️  City not found: Quincy, Massachusetts (ID: quincy-massachusetts)
   ⚠️  City not found: Salem, Massachusetts (ID: salem-massachusetts)
   ⚠️  City not found: Shrewsbury, Massachusetts (ID: shrewsbury-massachusetts)
   ⚠️  City not found: Somerville, Massachusetts (ID: somerville-massachusetts)
   ⚠️  City not found: Springfield, Massachusetts (ID: springfield-massachusetts)
   ⚠️  City not found: Watertown, Massachusetts (ID: watertown-massachusetts)
   ⚠️  City not found: Webster, Massachusetts (ID: webster-massachusetts)
   ⚠️  City not found: Wilmington, Massachusetts (ID: wilmington-massachusetts)
   Progress: 1650/3968...
   ⚠️  City not found: Bay City, Michigan (ID: bay-city-michigan)
   ⚠️  City not found: Belleville, Michigan (ID: belleville-michigan)
   ⚠️  City not found: Birmingham, Michigan (ID: birmingham-michigan)
   ⚠️  City not found: Brighton, Michigan (ID: brighton-michigan)
   ⚠️  City not found: Brooklyn, Michigan (ID: brooklyn-michigan)
   ⚠️  City not found: Canton, Michigan (ID: canton-michigan)
   ⚠️  City not found: Charlotte, Michigan (ID: charlotte-michigan)
   ⚠️  City not found: Chesterfield, Michigan (ID: chesterfield-michigan)
   ⚠️  City not found: Fenton, Michigan (ID: fenton-michigan)
   ⚠️  City not found: Ferndale, Michigan (ID: ferndale-michigan)
   ⚠️  City not found: Fremont, Michigan (ID: fremont-michigan)
   ⚠️  City not found: Grand Rapids, Michigan (ID: grand-rapids-michigan)
   Progress: 1700/3968...
   ⚠️  City not found: Greenville, Michigan (ID: greenville-michigan)
   ⚠️  City not found: Hartford, Michigan (ID: hartford-michigan)
   ⚠️  City not found: Hastings, Michigan (ID: hastings-michigan)
   ⚠️  City not found: Jackson, Michigan (ID: jackson-michigan)
   ⚠️  City not found: Lake City, Michigan (ID: lake-city-michigan)
   ⚠️  City not found: Lansing, Michigan (ID: lansing-michigan)
   ⚠️  City not found: Lowell, Michigan (ID: lowell-michigan)
   ⚠️  City not found: Madison Heights, Michigan (ID: madison-heights-michigan)
   ⚠️  City not found: Midland, Michigan (ID: midland-michigan)
   ⚠️  City not found: Milford, Michigan (ID: milford-michigan)
   ⚠️  City not found: Monroe, Michigan (ID: monroe-michigan)
   ⚠️  City not found: Mt Pleasant, Michigan (ID: mt-pleasant-michigan)
   ⚠️  City not found: Niles, Michigan (ID: niles-michigan)
   ⚠️  City not found: North Branch, Michigan (ID: north-branch-michigan)
   ⚠️  City not found: Oxford, Michigan (ID: oxford-michigan)
   ⚠️  City not found: Plymouth, Michigan (ID: plymouth-michigan)
   ⚠️  City not found: Pontiac, Michigan (ID: pontiac-michigan)
   Progress: 1750/3968...
   ⚠️  City not found: Richmond, Michigan (ID: richmond-michigan)
   ⚠️  City not found: Riverview, Michigan (ID: riverview-michigan)
   ⚠️  City not found: Roseville, Michigan (ID: roseville-michigan)
   ⚠️  City not found: Sandusky, Michigan (ID: sandusky-michigan)
   ⚠️  City not found: Sheridan, Michigan (ID: sheridan-michigan)
   ⚠️  City not found: Sturgis, Michigan (ID: sturgis-michigan)
   ⚠️  City not found: Taylor, Michigan (ID: taylor-michigan)
   ⚠️  City not found: Troy, Michigan (ID: troy-michigan)
   ⚠️  City not found: Utica, Michigan (ID: utica-michigan)
   ⚠️  City not found: Warren, Michigan (ID: warren-michigan)
   ⚠️  City not found: Alexandria, Minnesota (ID: alexandria-minnesota)
   ⚠️  City not found: Apple Valley, Minnesota (ID: apple-valley-minnesota)
   ⚠️  City not found: Austin, Minnesota (ID: austin-minnesota)
   Progress: 1800/3968...
   ⚠️  City not found: Bloomington, Minnesota (ID: bloomington-minnesota)
   ⚠️  City not found: Buffalo, Minnesota (ID: buffalo-minnesota)
   ⚠️  City not found: Burnsville, Minnesota (ID: burnsville-minnesota)
   ⚠️  City not found: Cambridge, Minnesota (ID: cambridge-minnesota)
   ⚠️  City not found: Cold Spring, Minnesota (ID: cold-spring-minnesota)
   ⚠️  City not found: Cottage Grove, Minnesota (ID: cottage-grove-minnesota)
   ⚠️  City not found: Duluth, Minnesota (ID: duluth-minnesota)
   ⚠️  City not found: Hastings, Minnesota (ID: hastings-minnesota)
   ⚠️  City not found: Marshall, Minnesota (ID: marshall-minnesota)
   ⚠️  City not found: Monticello, Minnesota (ID: monticello-minnesota)
   ⚠️  City not found: Northfield, Minnesota (ID: northfield-minnesota)
   Progress: 1850/3968...
   ⚠️  City not found: Princeton, Minnesota (ID: princeton-minnesota)
   ⚠️  City not found: Rochester, Minnesota (ID: rochester-minnesota)
   ⚠️  City not found: Rogers, Minnesota (ID: rogers-minnesota)
   ⚠️  City not found: Roseville, Minnesota (ID: roseville-minnesota)
   ⚠️  City not found: St Cloud, Minnesota (ID: st-cloud-minnesota)
   ⚠️  City not found: Stillwater, Minnesota (ID: stillwater-minnesota)
   ⚠️  City not found: Brandon, Mississippi (ID: brandon-mississippi)
   ⚠️  City not found: Canton, Mississippi (ID: canton-mississippi)
   ⚠️  City not found: Cleveland, Mississippi (ID: cleveland-mississippi)
   ⚠️  City not found: Clinton, Mississippi (ID: clinton-mississippi)
   ⚠️  City not found: Columbus, Mississippi (ID: columbus-mississippi)
   ⚠️  City not found: Corinth, Mississippi (ID: corinth-mississippi)
   ⚠️  City not found: Forest, Mississippi (ID: forest-mississippi)
   ⚠️  City not found: Fulton, Mississippi (ID: fulton-mississippi)
   ⚠️  City not found: Greenville, Mississippi (ID: greenville-mississippi)
   ⚠️  City not found: Jackson, Mississippi (ID: jackson-mississippi)
   ⚠️  City not found: Long Beach, Mississippi (ID: long-beach-mississippi)
   ⚠️  City not found: Meridian, Mississippi (ID: meridian-mississippi)
   Progress: 1900/3968...
   ⚠️  City not found: Oxford, Mississippi (ID: oxford-mississippi)
   ⚠️  City not found: Ridgeland, Mississippi (ID: ridgeland-mississippi)
   ⚠️  City not found: Waynesboro, Mississippi (ID: waynesboro-mississippi)
   ⚠️  City not found: Aurora, Missouri (ID: aurora-missouri)
   ⚠️  City not found: Belton, Missouri (ID: belton-missouri)
   ⚠️  City not found: Bowling Green, Missouri (ID: bowling-green-missouri)
   ⚠️  City not found: Bridgeton, Missouri (ID: bridgeton-missouri)
   ⚠️  City not found: Columbia, Missouri (ID: columbia-missouri)
   ⚠️  City not found: Farmington, Missouri (ID: farmington-missouri)
   ⚠️  City not found: Forsyth, Missouri (ID: forsyth-missouri)
   ⚠️  City not found: Fulton, Missouri (ID: fulton-missouri)
   ⚠️  City not found: Greenfield, Missouri (ID: greenfield-missouri)
   ⚠️  City not found: Independence, Missouri (ID: independence-missouri)
   ⚠️  City not found: Jefferson City, Missouri (ID: jefferson-city-missouri)
   Progress: 1950/3968...
   ⚠️  City not found: Lebanon, Missouri (ID: lebanon-missouri)
   ⚠️  City not found: Liberty, Missouri (ID: liberty-missouri)
   ⚠️  City not found: Marshfield, Missouri (ID: marshfield-missouri)
   ⚠️  City not found: Maryville, Missouri (ID: maryville-missouri)
   ⚠️  City not found: Mountain View, Missouri (ID: mountain-view-missouri)
   ⚠️  City not found: Richmond, Missouri (ID: richmond-missouri)
   ⚠️  City not found: Springfield, Missouri (ID: springfield-missouri)
   ⚠️  City not found: St Charles, Missouri (ID: st-charles-missouri)
   ⚠️  City not found: St Clair, Missouri (ID: st-clair-missouri)
   ⚠️  City not found: Union, Missouri (ID: union-missouri)
   ⚠️  City not found: Verona, Missouri (ID: verona-missouri)
   ⚠️  City not found: Warrensburg, Missouri (ID: warrensburg-missouri)
   ⚠️  City not found: Warsaw, Missouri (ID: warsaw-missouri)
   ⚠️  City not found: Washington, Missouri (ID: washington-missouri)
   ⚠️  City not found: Winfield, Missouri (ID: winfield-missouri)
   ⚠️  City not found: Dillon, Montana (ID: dillon-montana)
   Progress: 2000/3968...
   ⚠️  City not found: Sidney, Montana (ID: sidney-montana)
   ⚠️  City not found: Bellevue, Nebraska (ID: bellevue-nebraska)
   ⚠️  City not found: Columbus, Nebraska (ID: columbus-nebraska)
   ⚠️  City not found: Elkhorn, Nebraska (ID: elkhorn-nebraska)
   ⚠️  City not found: Fremont, Nebraska (ID: fremont-nebraska)
   ⚠️  City not found: Lexington, Nebraska (ID: lexington-nebraska)
   ⚠️  City not found: Lincoln, Nebraska (ID: lincoln-nebraska)
   ⚠️  City not found: Norfolk, Nebraska (ID: norfolk-nebraska)
   ⚠️  City not found: Sidney, Nebraska (ID: sidney-nebraska)
   ⚠️  City not found: Wayne, Nebraska (ID: wayne-nebraska)
   ⚠️  City not found: Henderson, Nevada (ID: henderson-nevada)
   ⚠️  City not found: Las Vegas, Nevada (ID: las-vegas-nevada)
   ⚠️  City not found: Alton, New Hampshire (ID: alton-new-hampshire)
   ⚠️  City not found: Amherst, New Hampshire (ID: amherst-new-hampshire)
   ⚠️  City not found: Bedford, New Hampshire (ID: bedford-new-hampshire)
   ⚠️  City not found: Concord, New Hampshire (ID: concord-new-hampshire)
   ⚠️  City not found: Dover, New Hampshire (ID: dover-new-hampshire)
   ⚠️  City not found: Durham, New Hampshire (ID: durham-new-hampshire)
   Progress: 2050/3968...
   ⚠️  City not found: Hudson, New Hampshire (ID: hudson-new-hampshire)
   ⚠️  City not found: Kingston, New Hampshire (ID: kingston-new-hampshire)
   ⚠️  City not found: Manchester, New Hampshire (ID: manchester-new-hampshire)
   ⚠️  City not found: Newington, New Hampshire (ID: newington-new-hampshire)
   ⚠️  City not found: Newport, New Hampshire (ID: newport-new-hampshire)
   ⚠️  City not found: Portsmouth, New Hampshire (ID: portsmouth-new-hampshire)
   ⚠️  City not found: Rochester, New Hampshire (ID: rochester-new-hampshire)
   ⚠️  City not found: Salem, New Hampshire (ID: salem-new-hampshire)
   ⚠️  City not found: Belleville, New Jersey (ID: belleville-new-jersey)
   ⚠️  City not found: Berlin, New Jersey (ID: berlin-new-jersey)
   ⚠️  City not found: Bloomfield, New Jersey (ID: bloomfield-new-jersey)
   Progress: 2100/3968...
   ⚠️  City not found: Butler, New Jersey (ID: butler-new-jersey)
   ⚠️  City not found: Camden, New Jersey (ID: camden-new-jersey)
   ⚠️  City not found: Clinton, New Jersey (ID: clinton-new-jersey)
   ⚠️  City not found: Dover, New Jersey (ID: dover-new-jersey)
   ⚠️  City not found: Fairfield, New Jersey (ID: fairfield-new-jersey)
   ⚠️  City not found: Hawthorne, New Jersey (ID: hawthorne-new-jersey)
   Progress: 2150/3968...
   ⚠️  City not found: Lakewood, New Jersey (ID: lakewood-new-jersey)
   ⚠️  City not found: Livingston, New Jersey (ID: livingston-new-jersey)
   ⚠️  City not found: Lodi, New Jersey (ID: lodi-new-jersey)
   ⚠️  City not found: Madison, New Jersey (ID: madison-new-jersey)
   ⚠️  City not found: Montclair, New Jersey (ID: montclair-new-jersey)
   ⚠️  City not found: Morristown, New Jersey (ID: morristown-new-jersey)
   ⚠️  City not found: Newark, New Jersey (ID: newark-new-jersey)
   ⚠️  City not found: Oxford, New Jersey (ID: oxford-new-jersey)
   ⚠️  City not found: Plainfield, New Jersey (ID: plainfield-new-jersey)
   Progress: 2200/3968...
   ⚠️  City not found: Princeton, New Jersey (ID: princeton-new-jersey)
   ⚠️  City not found: Randolph, New Jersey (ID: randolph-new-jersey)
   ⚠️  City not found: Riverdale, New Jersey (ID: riverdale-new-jersey)
   ⚠️  City not found: Shrewsbury, New Jersey (ID: shrewsbury-new-jersey)
   ⚠️  City not found: Somerset, New Jersey (ID: somerset-new-jersey)
   ⚠️  City not found: Sparta, New Jersey (ID: sparta-new-jersey)
   ⚠️  City not found: Union, New Jersey (ID: union-new-jersey)
   ⚠️  City not found: Union City, New Jersey (ID: union-city-new-jersey)
   ⚠️  City not found: Washington, New Jersey (ID: washington-new-jersey)
   ⚠️  City not found: Wayne, New Jersey (ID: wayne-new-jersey)
   ⚠️  City not found: Woodbridge, New Jersey (ID: woodbridge-new-jersey)
   ⚠️  City not found: Woodland Park, New Jersey (ID: woodland-park-new-jersey)
   ⚠️  City not found: Clovis, New Mexico (ID: clovis-new-mexico)
   Progress: 2250/3968...
   ⚠️  City not found: Farmington, New Mexico (ID: farmington-new-mexico)
   ⚠️  City not found: Roswell, New Mexico (ID: roswell-new-mexico)
   ⚠️  City not found: Albany, New York (ID: albany-new-york)
   ⚠️  City not found: Auburn, New York (ID: auburn-new-york)
   ⚠️  City not found: Avon, New York (ID: avon-new-york)
   ⚠️  City not found: Bainbridge, New York (ID: bainbridge-new-york)
   ⚠️  City not found: Batavia, New York (ID: batavia-new-york)
   ⚠️  City not found: Belmont, New York (ID: belmont-new-york)
   ⚠️  City not found: Brentwood, New York (ID: brentwood-new-york)
   ⚠️  City not found: Canandaigua, New York (ID: canandaigua-new-york)
   ⚠️  City not found: Carthage, New York (ID: carthage-new-york)
   ⚠️  City not found: Cazenovia, New York (ID: cazenovia-new-york)
   Progress: 2300/3968...
   ⚠️  City not found: Cicero, New York (ID: cicero-new-york)
   ⚠️  City not found: Cortland, New York (ID: cortland-new-york)
   ⚠️  City not found: East Greenbush, New York (ID: east-greenbush-new-york)
   ⚠️  City not found: East Hampton, New York (ID: east-hampton-new-york)
   ⚠️  City not found: Elmhurst, New York (ID: elmhurst-new-york)
   ⚠️  City not found: Evans Mills, New York (ID: evans-mills-new-york)
   ⚠️  City not found: Floral Park, New York (ID: floral-park-new-york)
   ⚠️  City not found: Florida, New York (ID: florida-new-york)
   ⚠️  City not found: Freeport, New York (ID: freeport-new-york)
   ⚠️  City not found: Garnerville, New York (ID: garnerville-new-york)
   ⚠️  City not found: Geneseo, New York (ID: geneseo-new-york)
   ⚠️  City not found: Geneva, New York (ID: geneva-new-york)
   Progress: 2350/3968...
   ⚠️  City not found: Gloversville, New York (ID: gloversville-new-york)
   ⚠️  City not found: Hamilton, New York (ID: hamilton-new-york)
   ⚠️  City not found: Hannibal, New York (ID: hannibal-new-york)
   ⚠️  City not found: Hawthorne, New York (ID: hawthorne-new-york)
   ⚠️  City not found: Honeoye Falls, New York (ID: honeoye-falls-new-york)
   ⚠️  City not found: Hudson, New York (ID: hudson-new-york)
   ⚠️  City not found: Inlet, New York (ID: inlet-new-york)
   ⚠️  City not found: Jamestown, New York (ID: jamestown-new-york)
   ⚠️  City not found: Johnson City, New York (ID: johnson-city-new-york)
   ⚠️  City not found: Johnstown, New York (ID: johnstown-new-york)
   ⚠️  City not found: Kenmore, New York (ID: kenmore-new-york)
   ⚠️  City not found: Kingston, New York (ID: kingston-new-york)
   ⚠️  City not found: Lackawanna, New York (ID: lackawanna-new-york)
   ⚠️  City not found: Lancaster, New York (ID: lancaster-new-york)
   ⚠️  City not found: Levittown, New York (ID: levittown-new-york)
   ⚠️  City not found: Lewiston, New York (ID: lewiston-new-york)
   ⚠️  City not found: Liberty, New York (ID: liberty-new-york)
   ⚠️  City not found: Long Beach, New York (ID: long-beach-new-york)
   Progress: 2400/3968...
   ⚠️  City not found: Medford, New York (ID: medford-new-york)
   ⚠️  City not found: Medina, New York (ID: medina-new-york)
   ⚠️  City not found: Melville, New York (ID: melville-new-york)
   ⚠️  City not found: Middletown, New York (ID: middletown-new-york)
   ⚠️  City not found: Mohegan Lake, New York (ID: mohegan-lake-new-york)
   ⚠️  City not found: Monroe, New York (ID: monroe-new-york)
   ⚠️  City not found: Monsey, New York (ID: monsey-new-york)
   ⚠️  City not found: Montgomery, New York (ID: montgomery-new-york)
   ⚠️  City not found: Monticello, New York (ID: monticello-new-york)
   ⚠️  City not found: Morrisville, New York (ID: morrisville-new-york)
   ⚠️  City not found: Mt Vernon, New York (ID: mt-vernon-new-york)
   ⚠️  City not found: Newark, New York (ID: newark-new-york)
   ⚠️  City not found: North Tonawanda, New York (ID: north-tonawanda-new-york)
   ⚠️  City not found: Norwich, New York (ID: norwich-new-york)
   ⚠️  City not found: Oceanside, New York (ID: oceanside-new-york)
   ⚠️  City not found: Orangeburg, New York (ID: orangeburg-new-york)
   ⚠️  City not found: Oswego, New York (ID: oswego-new-york)
   Progress: 2450/3968...
   ⚠️  City not found: Painted Post, New York (ID: painted-post-new-york)
   ⚠️  City not found: Patterson, New York (ID: patterson-new-york)
   ⚠️  City not found: Peru, New York (ID: peru-new-york)
   ⚠️  City not found: Phoenix, New York (ID: phoenix-new-york)
   ⚠️  City not found: Plainview, New York (ID: plainview-new-york)
   ⚠️  City not found: Port Washington, New York (ID: port-washington-new-york)
   ⚠️  City not found: Pulaski, New York (ID: pulaski-new-york)
   ⚠️  City not found: Rochester, New York (ID: rochester-new-york)
   ⚠️  City not found: Rome, New York (ID: rome-new-york)
   ⚠️  City not found: Seneca Falls, New York (ID: seneca-falls-new-york)
   ⚠️  City not found: Sidney, New York (ID: sidney-new-york)
   ⚠️  City not found: Somers, New York (ID: somers-new-york)
   ⚠️  City not found: South Fallsburg, New York (ID: south-fallsburg-new-york)
   ⚠️  City not found: Southampton, New York (ID: southampton-new-york)
   ⚠️  City not found: Stanley, New York (ID: stanley-new-york)
   Progress: 2500/3968...
   ⚠️  City not found: Troy, New York (ID: troy-new-york)
   ⚠️  City not found: Walden, New York (ID: walden-new-york)
   ⚠️  City not found: Walton, New York (ID: walton-new-york)
   ⚠️  City not found: Warsaw, New York (ID: warsaw-new-york)
   ⚠️  City not found: Warwick, New York (ID: warwick-new-york)
   ⚠️  City not found: Waterloo, New York (ID: waterloo-new-york)
   ⚠️  City not found: Watertown, New York (ID: watertown-new-york)
   ⚠️  City not found: Watkins Glen, New York (ID: watkins-glen-new-york)
   ⚠️  City not found: Webster, New York (ID: webster-new-york)
   ⚠️  City not found: Wynantskill, New York (ID: wynantskill-new-york)
   ⚠️  City not found: Aberdeen, North Carolina (ID: aberdeen-north-carolina)
   ⚠️  City not found: Ayden, North Carolina (ID: ayden-north-carolina)
   ⚠️  City not found: Belmont, North Carolina (ID: belmont-north-carolina)
   ⚠️  City not found: Benson, North Carolina (ID: benson-north-carolina)
   ⚠️  City not found: Bethel, North Carolina (ID: bethel-north-carolina)
   ⚠️  City not found: Burlington, North Carolina (ID: burlington-north-carolina)
   Progress: 2550/3968...
   ⚠️  City not found: Cary, North Carolina (ID: cary-north-carolina)
   ⚠️  City not found: Clinton, North Carolina (ID: clinton-north-carolina)
   ⚠️  City not found: Clyde, North Carolina (ID: clyde-north-carolina)
   ⚠️  City not found: Concord, North Carolina (ID: concord-north-carolina)
   ⚠️  City not found: Dallas, North Carolina (ID: dallas-north-carolina)
   ⚠️  City not found: Denver, North Carolina (ID: denver-north-carolina)
   ⚠️  City not found: Farmville, North Carolina (ID: farmville-north-carolina)
   ⚠️  City not found: Fayetteville, North Carolina (ID: fayetteville-north-carolina)
   ⚠️  City not found: Franklin, North Carolina (ID: franklin-north-carolina)
   ⚠️  City not found: Franklinton, North Carolina (ID: franklinton-north-carolina)
   ⚠️  City not found: Graham, North Carolina (ID: graham-north-carolina)
   ⚠️  City not found: Greenville, North Carolina (ID: greenville-north-carolina)
   ⚠️  City not found: Henderson, North Carolina (ID: henderson-north-carolina)
   ⚠️  City not found: Hendersonville, North Carolina (ID: hendersonville-north-carolina)
   ⚠️  City not found: Hudson, North Carolina (ID: hudson-north-carolina)
   Progress: 2600/3968...
   ⚠️  City not found: Jacksonville, North Carolina (ID: jacksonville-north-carolina)
   ⚠️  City not found: Jamestown, North Carolina (ID: jamestown-north-carolina)
   ⚠️  City not found: Lawndale, North Carolina (ID: lawndale-north-carolina)
   ⚠️  City not found: Lexington, North Carolina (ID: lexington-north-carolina)
   ⚠️  City not found: Louisburg, North Carolina (ID: louisburg-north-carolina)
   ⚠️  City not found: Marion, North Carolina (ID: marion-north-carolina)
   ⚠️  City not found: Monroe, North Carolina (ID: monroe-north-carolina)
   ⚠️  City not found: Morrisville, North Carolina (ID: morrisville-north-carolina)
   ⚠️  City not found: Newport, North Carolina (ID: newport-north-carolina)
   ⚠️  City not found: Rocky Mount, North Carolina (ID: rocky-mount-north-carolina)
   Progress: 2650/3968...
   ⚠️  City not found: Sanford, North Carolina (ID: sanford-north-carolina)
   ⚠️  City not found: Selma, North Carolina (ID: selma-north-carolina)
   ⚠️  City not found: Smithfield, North Carolina (ID: smithfield-north-carolina)
   ⚠️  City not found: Snow Hill, North Carolina (ID: snow-hill-north-carolina)
   ⚠️  City not found: Tarboro, North Carolina (ID: tarboro-north-carolina)
   ⚠️  City not found: Thomasville, North Carolina (ID: thomasville-north-carolina)
   ⚠️  City not found: Warrenton, North Carolina (ID: warrenton-north-carolina)
   ⚠️  City not found: Washington, North Carolina (ID: washington-north-carolina)
   ⚠️  City not found: Wilmington, North Carolina (ID: wilmington-north-carolina)
   ⚠️  City not found: Winterville, North Carolina (ID: winterville-north-carolina)
   ⚠️  City not found: Zebulon, North Carolina (ID: zebulon-north-carolina)
   Progress: 2700/3968...
   ⚠️  City not found: Ashland, Ohio (ID: ashland-ohio)
   ⚠️  City not found: Athens, Ohio (ID: athens-ohio)
   ⚠️  City not found: Bethel, Ohio (ID: bethel-ohio)
   ⚠️  City not found: Bolivar, Ohio (ID: bolivar-ohio)
   ⚠️  City not found: Bowling Green, Ohio (ID: bowling-green-ohio)
   ⚠️  City not found: Bridgeport, Ohio (ID: bridgeport-ohio)
   ⚠️  City not found: Brunswick, Ohio (ID: brunswick-ohio)
   ⚠️  City not found: Bryan, Ohio (ID: bryan-ohio)
   ⚠️  City not found: Caldwell, Ohio (ID: caldwell-ohio)
   ⚠️  City not found: Canton, Ohio (ID: canton-ohio)
   ⚠️  City not found: Carrollton, Ohio (ID: carrollton-ohio)
   ⚠️  City not found: Cleveland, Ohio (ID: cleveland-ohio)
   ⚠️  City not found: Columbus, Ohio (ID: columbus-ohio)
   ⚠️  City not found: Dayton, Ohio (ID: dayton-ohio)
   ⚠️  City not found: Dover, Ohio (ID: dover-ohio)
   ⚠️  City not found: Dublin, Ohio (ID: dublin-ohio)
   ⚠️  City not found: Eaton, Ohio (ID: eaton-ohio)
   Progress: 2750/3968...
   ⚠️  City not found: Fairfield, Ohio (ID: fairfield-ohio)
   ⚠️  City not found: Frankfort, Ohio (ID: frankfort-ohio)
   ⚠️  City not found: Fremont, Ohio (ID: fremont-ohio)
   ⚠️  City not found: Georgetown, Ohio (ID: georgetown-ohio)
   ⚠️  City not found: Greenville, Ohio (ID: greenville-ohio)
   ⚠️  City not found: Grove City, Ohio (ID: grove-city-ohio)
   ⚠️  City not found: Hamilton, Ohio (ID: hamilton-ohio)
   ⚠️  City not found: Hillsboro, Ohio (ID: hillsboro-ohio)
   ⚠️  City not found: Kent, Ohio (ID: kent-ohio)
   ⚠️  City not found: Lakewood, Ohio (ID: lakewood-ohio)
   ⚠️  City not found: Lancaster, Ohio (ID: lancaster-ohio)
   ⚠️  City not found: Logan, Ohio (ID: logan-ohio)
   ⚠️  City not found: Loveland, Ohio (ID: loveland-ohio)
   ⚠️  City not found: Mansfield, Ohio (ID: mansfield-ohio)
   ⚠️  City not found: Marietta, Ohio (ID: marietta-ohio)
   ⚠️  City not found: Marion, Ohio (ID: marion-ohio)
   ⚠️  City not found: Marysville, Ohio (ID: marysville-ohio)
   ⚠️  City not found: Middletown, Ohio (ID: middletown-ohio)
   ⚠️  City not found: Milford, Ohio (ID: milford-ohio)
   ⚠️  City not found: Mt Vernon, Ohio (ID: mt-vernon-ohio)
   ⚠️  City not found: New Richmond, Ohio (ID: new-richmond-ohio)
   ⚠️  City not found: Newark, Ohio (ID: newark-ohio)
   Progress: 2800/3968...
   ⚠️  City not found: Northwood, Ohio (ID: northwood-ohio)
   ⚠️  City not found: Norwalk, Ohio (ID: norwalk-ohio)
   ⚠️  City not found: Ontario, Ohio (ID: ontario-ohio)
   ⚠️  City not found: Portsmouth, Ohio (ID: portsmouth-ohio)
   ⚠️  City not found: Salem, Ohio (ID: salem-ohio)
   ⚠️  City not found: Springfield, Ohio (ID: springfield-ohio)
   ⚠️  City not found: Sunbury, Ohio (ID: sunbury-ohio)
   ⚠️  City not found: Troy, Ohio (ID: troy-ohio)
   ⚠️  City not found: Urbana, Ohio (ID: urbana-ohio)
   ⚠️  City not found: Wilmington, Ohio (ID: wilmington-ohio)
   Progress: 2850/3968...
   ⚠️  City not found: Duncan, Oklahoma (ID: duncan-oklahoma)
   ⚠️  City not found: Albany, Oregon (ID: albany-oregon)
   Progress: 2900/3968...
   ⚠️  City not found: Dallas, Oregon (ID: dallas-oregon)
   ⚠️  City not found: Florence, Oregon (ID: florence-oregon)
   ⚠️  City not found: Hillsboro, Oregon (ID: hillsboro-oregon)
   ⚠️  City not found: Newport, Oregon (ID: newport-oregon)
   ⚠️  City not found: Ontario, Oregon (ID: ontario-oregon)
   ⚠️  City not found: Pendleton, Oregon (ID: pendleton-oregon)
   ⚠️  City not found: Portland, Oregon (ID: portland-oregon)
   ⚠️  City not found: Redmond, Oregon (ID: redmond-oregon)
   ⚠️  City not found: Salem, Oregon (ID: salem-oregon)
   ⚠️  City not found: Springfield, Oregon (ID: springfield-oregon)
   ⚠️  City not found: Bedford, Pennsylvania (ID: bedford-pennsylvania)
   Progress: 2950/3968...
   ⚠️  City not found: Blairsville, Pennsylvania (ID: blairsville-pennsylvania)
   ⚠️  City not found: Bridgeport, Pennsylvania (ID: bridgeport-pennsylvania)
   ⚠️  City not found: Bristol, Pennsylvania (ID: bristol-pennsylvania)
   ⚠️  City not found: Carbondale, Pennsylvania (ID: carbondale-pennsylvania)
   ⚠️  City not found: Chester, Pennsylvania (ID: chester-pennsylvania)
   ⚠️  City not found: Columbia, Pennsylvania (ID: columbia-pennsylvania)
   ⚠️  City not found: Corry, Pennsylvania (ID: corry-pennsylvania)
   ⚠️  City not found: Curwensville, Pennsylvania (ID: curwensville-pennsylvania)
   ⚠️  City not found: Dallas, Pennsylvania (ID: dallas-pennsylvania)
   ⚠️  City not found: Danville, Pennsylvania (ID: danville-pennsylvania)
   ⚠️  City not found: Denver, Pennsylvania (ID: denver-pennsylvania)
   ⚠️  City not found: Duncansville, Pennsylvania (ID: duncansville-pennsylvania)
   ⚠️  City not found: East Greenville, Pennsylvania (ID: east-greenville-pennsylvania)
   ⚠️  City not found: Easton, Pennsylvania (ID: easton-pennsylvania)
   Progress: 3000/3968...
   ⚠️  City not found: Elverson, Pennsylvania (ID: elverson-pennsylvania)
   ⚠️  City not found: Everett, Pennsylvania (ID: everett-pennsylvania)
   ⚠️  City not found: Folsom, Pennsylvania (ID: folsom-pennsylvania)
   ⚠️  City not found: Franklin, Pennsylvania (ID: franklin-pennsylvania)
   ⚠️  City not found: Greenville, Pennsylvania (ID: greenville-pennsylvania)
   ⚠️  City not found: Harrisburg, Pennsylvania (ID: harrisburg-pennsylvania)
   ⚠️  City not found: Hermitage, Pennsylvania (ID: hermitage-pennsylvania)
   ⚠️  City not found: Kingston, Pennsylvania (ID: kingston-pennsylvania)
   ⚠️  City not found: Lancaster, Pennsylvania (ID: lancaster-pennsylvania)
   ⚠️  City not found: Lebanon, Pennsylvania (ID: lebanon-pennsylvania)
   ⚠️  City not found: Lewisburg, Pennsylvania (ID: lewisburg-pennsylvania)
   Progress: 3050/3968...
   ⚠️  City not found: Malvern, Pennsylvania (ID: malvern-pennsylvania)
   ⚠️  City not found: Mansfield, Pennsylvania (ID: mansfield-pennsylvania)
   ⚠️  City not found: Marietta, Pennsylvania (ID: marietta-pennsylvania)
   ⚠️  City not found: Milford, Pennsylvania (ID: milford-pennsylvania)
   ⚠️  City not found: Milton, Pennsylvania (ID: milton-pennsylvania)
   ⚠️  City not found: Montrose, Pennsylvania (ID: montrose-pennsylvania)
   ⚠️  City not found: Mt Pleasant, Pennsylvania (ID: mt-pleasant-pennsylvania)
   ⚠️  City not found: New Castle, Pennsylvania (ID: new-castle-pennsylvania)
   ⚠️  City not found: Newtown, Pennsylvania (ID: newtown-pennsylvania)
   ⚠️  City not found: Oxford, Pennsylvania (ID: oxford-pennsylvania)
   ⚠️  City not found: Peckville, Pennsylvania (ID: peckville-pennsylvania)
   Progress: 3100/3968...
   ⚠️  City not found: Scottdale, Pennsylvania (ID: scottdale-pennsylvania)
   ⚠️  City not found: Springfield, Pennsylvania (ID: springfield-pennsylvania)
   ⚠️  City not found: St Thomas, Pennsylvania (ID: st-thomas-pennsylvania)
   ⚠️  City not found: Taylor, Pennsylvania (ID: taylor-pennsylvania)
   ⚠️  City not found: Titusville, Pennsylvania (ID: titusville-pennsylvania)
   ⚠️  City not found: Washington, Pennsylvania (ID: washington-pennsylvania)
   ⚠️  City not found: Waynesboro, Pennsylvania (ID: waynesboro-pennsylvania)
   Progress: 3150/3968...
   ⚠️  City not found: York, Pennsylvania (ID: york-pennsylvania)
   ⚠️  City not found: Bristol, Rhode Island (ID: bristol-rhode-island)
   ⚠️  City not found: Johnston, Rhode Island (ID: johnston-rhode-island)
   ⚠️  City not found: Middletown, Rhode Island (ID: middletown-rhode-island)
   ⚠️  City not found: Newport, Rhode Island (ID: newport-rhode-island)
   ⚠️  City not found: Portsmouth, Rhode Island (ID: portsmouth-rhode-island)
   ⚠️  City not found: Smithfield, Rhode Island (ID: smithfield-rhode-island)
   ⚠️  City not found: Anderson, South Carolina (ID: anderson-south-carolina)
   ⚠️  City not found: Belton, South Carolina (ID: belton-south-carolina)
   ⚠️  City not found: Camden, South Carolina (ID: camden-south-carolina)
   ⚠️  City not found: Charleston, South Carolina (ID: charleston-south-carolina)
   ⚠️  City not found: Chester, South Carolina (ID: chester-south-carolina)
   ⚠️  City not found: Columbia, South Carolina (ID: columbia-south-carolina)
   ⚠️  City not found: Conway, South Carolina (ID: conway-south-carolina)
   Progress: 3200/3968...
   ⚠️  City not found: Effingham, South Carolina (ID: effingham-south-carolina)
   ⚠️  City not found: Florence, South Carolina (ID: florence-south-carolina)
   ⚠️  City not found: Georgetown, South Carolina (ID: georgetown-south-carolina)
   ⚠️  City not found: Greenville, South Carolina (ID: greenville-south-carolina)
   ⚠️  City not found: Greenwood, South Carolina (ID: greenwood-south-carolina)
   ⚠️  City not found: Lancaster, South Carolina (ID: lancaster-south-carolina)
   ⚠️  City not found: Liberty, South Carolina (ID: liberty-south-carolina)
   ⚠️  City not found: Marion, South Carolina (ID: marion-south-carolina)
   ⚠️  City not found: Mt Pleasant, South Carolina (ID: mt-pleasant-south-carolina)
   ⚠️  City not found: Piedmont, South Carolina (ID: piedmont-south-carolina)
   Progress: 3250/3968...
   ⚠️  City not found: Santee, South Carolina (ID: santee-south-carolina)
   ⚠️  City not found: Westminster, South Carolina (ID: westminster-south-carolina)
   ⚠️  City not found: Aberdeen, South Dakota (ID: aberdeen-south-dakota)
   ⚠️  City not found: Arlington, South Dakota (ID: arlington-south-dakota)
   ⚠️  City not found: Burke, South Dakota (ID: burke-south-dakota)
   ⚠️  City not found: Watertown, South Dakota (ID: watertown-south-dakota)
   ⚠️  City not found: Antioch, Tennessee (ID: antioch-tennessee)
   ⚠️  City not found: Athens, Tennessee (ID: athens-tennessee)
   ⚠️  City not found: Bartlett, Tennessee (ID: bartlett-tennessee)
   Progress: 3300/3968...
   ⚠️  City not found: Bristol, Tennessee (ID: bristol-tennessee)
   ⚠️  City not found: Camden, Tennessee (ID: camden-tennessee)
   ⚠️  City not found: Centerville, Tennessee (ID: centerville-tennessee)
   ⚠️  City not found: Clarksville, Tennessee (ID: clarksville-tennessee)
   ⚠️  City not found: Clinton, Tennessee (ID: clinton-tennessee)
   ⚠️  City not found: Decatur, Tennessee (ID: decatur-tennessee)
   ⚠️  City not found: Fayetteville, Tennessee (ID: fayetteville-tennessee)
   ⚠️  City not found: Franklin, Tennessee (ID: franklin-tennessee)
   ⚠️  City not found: Jackson, Tennessee (ID: jackson-tennessee)
   ⚠️  City not found: Kingston, Tennessee (ID: kingston-tennessee)
   ⚠️  City not found: Lebanon, Tennessee (ID: lebanon-tennessee)
   ⚠️  City not found: Livingston, Tennessee (ID: livingston-tennessee)
   ⚠️  City not found: Madison, Tennessee (ID: madison-tennessee)
   ⚠️  City not found: Manchester, Tennessee (ID: manchester-tennessee)
   Progress: 3350/3968...
   ⚠️  City not found: Nashville, Tennessee (ID: nashville-tennessee)
   ⚠️  City not found: Newport, Tennessee (ID: newport-tennessee)
   ⚠️  City not found: Paris, Tennessee (ID: paris-tennessee)
   ⚠️  City not found: Seymour, Tennessee (ID: seymour-tennessee)
   ⚠️  City not found: Smyrna, Tennessee (ID: smyrna-tennessee)
   ⚠️  City not found: Spring Hill, Tennessee (ID: spring-hill-tennessee)
   ⚠️  City not found: Springfield, Tennessee (ID: springfield-tennessee)
   ⚠️  City not found: Waynesboro, Tennessee (ID: waynesboro-tennessee)
   ⚠️  City not found: Winchester, Tennessee (ID: winchester-tennessee)
   ⚠️  City not found: Addison, Texas (ID: addison-texas)
   ⚠️  City not found: Alamo, Texas (ID: alamo-texas)
   ⚠️  City not found: Alice, Texas (ID: alice-texas)
   ⚠️  City not found: Alvarado, Texas (ID: alvarado-texas)
   ⚠️  City not found: Anna, Texas (ID: anna-texas)
   ⚠️  City not found: Aransas Pass, Texas (ID: aransas-pass-texas)
   ⚠️  City not found: Arlington, Texas (ID: arlington-texas)
   ⚠️  City not found: Athens, Texas (ID: athens-texas)
   ⚠️  City not found: Beaumont, Texas (ID: beaumont-texas)
   ⚠️  City not found: Bee Cave, Texas (ID: bee-cave-texas)
   Progress: 3400/3968...
   ⚠️  City not found: Buda, Texas (ID: buda-texas)
   ⚠️  City not found: Carrollton, Texas (ID: carrollton-texas)
   ⚠️  City not found: Channelview, Texas (ID: channelview-texas)
   ⚠️  City not found: Cibolo, Texas (ID: cibolo-texas)
   ⚠️  City not found: Coldspring, Texas (ID: coldspring-texas)
   ⚠️  City not found: Commerce, Texas (ID: commerce-texas)
   ⚠️  City not found: Creedmoor, Texas (ID: creedmoor-texas)
   ⚠️  City not found: Dallas, Texas (ID: dallas-texas)
   ⚠️  City not found: Decatur, Texas (ID: decatur-texas)
   ⚠️  City not found: Deer Park, Texas (ID: deer-park-texas)
   ⚠️  City not found: Devine, Texas (ID: devine-texas)
   ⚠️  City not found: Diboll, Texas (ID: diboll-texas)
   ⚠️  City not found: Duncanville, Texas (ID: duncanville-texas)
   ⚠️  City not found: Fairfield, Texas (ID: fairfield-texas)
   Progress: 3450/3968...
   ⚠️  City not found: Forney, Texas (ID: forney-texas)
   ⚠️  City not found: Fort Sam Houston, Texas (ID: fort-sam-houston-texas)
   ⚠️  City not found: Gainesville, Texas (ID: gainesville-texas)
   ⚠️  City not found: Ganado, Texas (ID: ganado-texas)
   ⚠️  City not found: Gatesville, Texas (ID: gatesville-texas)
   ⚠️  City not found: Gilmer, Texas (ID: gilmer-texas)
   ⚠️  City not found: Greenville, Texas (ID: greenville-texas)
   ⚠️  City not found: Helotes, Texas (ID: helotes-texas)
   ⚠️  City not found: Henderson, Texas (ID: henderson-texas)
   ⚠️  City not found: Hico, Texas (ID: hico-texas)
   ⚠️  City not found: Huntsville, Texas (ID: huntsville-texas)
   ⚠️  City not found: Kaufman, Texas (ID: kaufman-texas)
   ⚠️  City not found: Kempner, Texas (ID: kempner-texas)
   ⚠️  City not found: Kingwood, Texas (ID: kingwood-texas)
   ⚠️  City not found: Lancaster, Texas (ID: lancaster-texas)
   ⚠️  City not found: Liberty Hill, Texas (ID: liberty-hill-texas)
   Progress: 3500/3968...
   ⚠️  City not found: Magnolia, Texas (ID: magnolia-texas)
   ⚠️  City not found: Midlothian, Texas (ID: midlothian-texas)
   ⚠️  City not found: Mineral Wells, Texas (ID: mineral-wells-texas)
   ⚠️  City not found: Mt Pleasant, Texas (ID: mt-pleasant-texas)
   ⚠️  City not found: Orange, Texas (ID: orange-texas)
   ⚠️  City not found: Paris, Texas (ID: paris-texas)
   ⚠️  City not found: Pasadena, Texas (ID: pasadena-texas)
   ⚠️  City not found: Plano, Texas (ID: plano-texas)
   ⚠️  City not found: Pleasanton, Texas (ID: pleasanton-texas)
   ⚠️  City not found: Richmond, Texas (ID: richmond-texas)
   ⚠️  City not found: Roanoke, Texas (ID: roanoke-texas)
   ⚠️  City not found: Sachse, Texas (ID: sachse-texas)
   Progress: 3550/3968...
   ⚠️  City not found: San Benito, Texas (ID: san-benito-texas)
   ⚠️  City not found: San Juan, Texas (ID: san-juan-texas)
   ⚠️  City not found: San Marcos, Texas (ID: san-marcos-texas)
   ⚠️  City not found: Silsbee, Texas (ID: silsbee-texas)
   ⚠️  City not found: Slaton, Texas (ID: slaton-texas)
   ⚠️  City not found: Socorro, Texas (ID: socorro-texas)
   ⚠️  City not found: Stafford, Texas (ID: stafford-texas)
   ⚠️  City not found: Sweeny, Texas (ID: sweeny-texas)
   ⚠️  City not found: Temple, Texas (ID: temple-texas)
   ⚠️  City not found: Texarkana, Texas (ID: texarkana-texas)
   ⚠️  City not found: Texas City, Texas (ID: texas-city-texas)
   ⚠️  City not found: Vernon, Texas (ID: vernon-texas)
   ⚠️  City not found: Vidor, Texas (ID: vidor-texas)
   ⚠️  City not found: Watauga, Texas (ID: watauga-texas)
   ⚠️  City not found: Weslaco, Texas (ID: weslaco-texas)
   ⚠️  City not found: Whitewright, Texas (ID: whitewright-texas)
   ⚠️  City not found: Willis, Texas (ID: willis-texas)
   ⚠️  City not found: Wills Point, Texas (ID: wills-point-texas)
   ⚠️  City not found: Wolfforth, Texas (ID: wolfforth-texas)
   ⚠️  City not found: Woodville, Texas (ID: woodville-texas)
   ⚠️  City not found: Delta, Utah (ID: delta-utah)
   Progress: 3600/3968...
   ⚠️  City not found: Logan, Utah (ID: logan-utah)
   ⚠️  City not found: Riverton, Utah (ID: riverton-utah)
   ⚠️  City not found: Washington, Utah (ID: washington-utah)
   ⚠️  City not found: Burlington, Vermont (ID: burlington-vermont)
   ⚠️  City not found: Colchester, Vermont (ID: colchester-vermont)
   ⚠️  City not found: Montpelier, Vermont (ID: montpelier-vermont)
   ⚠️  City not found: Springfield, Vermont (ID: springfield-vermont)
   ⚠️  City not found: Alexandria, Virginia (ID: alexandria-virginia)
   Progress: 3650/3968...
   ⚠️  City not found: Arlington, Virginia (ID: arlington-virginia)
   ⚠️  City not found: Ashland, Virginia (ID: ashland-virginia)
   ⚠️  City not found: Bristol, Virginia (ID: bristol-virginia)
   ⚠️  City not found: Clarksville, Virginia (ID: clarksville-virginia)
   ⚠️  City not found: Covington, Virginia (ID: covington-virginia)
   ⚠️  City not found: Danville, Virginia (ID: danville-virginia)
   ⚠️  City not found: Franklin, Virginia (ID: franklin-virginia)
   ⚠️  City not found: Hillsville, Virginia (ID: hillsville-virginia)
   Progress: 3700/3968...
   ⚠️  City not found: Hot Springs, Virginia (ID: hot-springs-virginia)
   ⚠️  City not found: Lawrenceville, Virginia (ID: lawrenceville-virginia)
   ⚠️  City not found: Leesburg, Virginia (ID: leesburg-virginia)
   ⚠️  City not found: Marion, Virginia (ID: marion-virginia)
   ⚠️  City not found: Petersburg, Virginia (ID: petersburg-virginia)
   ⚠️  City not found: Richmond, Virginia (ID: richmond-virginia)
   ⚠️  City not found: Salem, Virginia (ID: salem-virginia)
   ⚠️  City not found: Springfield, Virginia (ID: springfield-virginia)
   Progress: 3750/3968...
   ⚠️  City not found: Sterling, Virginia (ID: sterling-virginia)
   ⚠️  City not found: Troy, Virginia (ID: troy-virginia)
   ⚠️  City not found: Windsor, Virginia (ID: windsor-virginia)
   ⚠️  City not found: Woodstock, Virginia (ID: woodstock-virginia)
   ⚠️  City not found: Auburn, Washington (ID: auburn-washington)
   ⚠️  City not found: Kent, Washington (ID: kent-washington)
   Progress: 3800/3968...
   ⚠️  City not found: Lakewood, Washington (ID: lakewood-washington)
   ⚠️  City not found: Marysville, Washington (ID: marysville-washington)
   ⚠️  City not found: Shelton, Washington (ID: shelton-washington)
   ⚠️  City not found: Bridgeport, West Virginia (ID: bridgeport-west-virginia)
   Progress: 3850/3968...
   ⚠️  City not found: Wheeling, West Virginia (ID: wheeling-west-virginia)
   ⚠️  City not found: Brookfield, Wisconsin (ID: brookfield-wisconsin)
   ⚠️  City not found: Glendale, Wisconsin (ID: glendale-wisconsin)
   ⚠️  City not found: Greenville, Wisconsin (ID: greenville-wisconsin)
   ⚠️  City not found: Hayward, Wisconsin (ID: hayward-wisconsin)
   Progress: 3900/3968...
   ⚠️  City not found: Madison, Wisconsin (ID: madison-wisconsin)
   ⚠️  City not found: Milton, Wisconsin (ID: milton-wisconsin)
   ⚠️  City not found: Monroe, Wisconsin (ID: monroe-wisconsin)
   ⚠️  City not found: New London, Wisconsin (ID: new-london-wisconsin)
   ⚠️  City not found: Osceola, Wisconsin (ID: osceola-wisconsin)
   ⚠️  City not found: Sparta, Wisconsin (ID: sparta-wisconsin)
   Progress: 3950/3968...
   ⚠️  City not found: Watertown, Wisconsin (ID: watertown-wisconsin)
   ⚠️  City not found: Jackson, Wyoming (ID: jackson-wyoming)
   ⚠️  City not found: Sheridan, Wyoming (ID: sheridan-wyoming)

============================================================
📈 IMPORT SUMMARY
============================================================
Total descriptions: 3968
✅ Successfully imported: 3159
❌ Errors: 809
💾 Backup file: data/backups/cities-backup-2025-11-05T21-44-03-832Z.json
============================================================

⚠️  809 errors occurred during import
   Error details saved to: ./data/import-errors.json


📊 Fetching updated statistics...

============================================================
📊 CITIES TABLE STATISTICS
============================================================
Total cities: 3159
Cities with descriptions: 3159
Verified descriptions: 3159
Pending verification: 0
Average description length: 1429 characters
============================================================

⚠️  Some descriptions failed to import
   Please review errors and retry failed imports.

