{
  "timestamp": "2025-07-02T19:46:45.588Z",
  "totalUnscored": 8119,
  "totalCategorized": 5429,
  "uncategorized": 2690,
  "categories": {
    "Municipal/Government": {
      "count": 844,
      "percentage": "10.4",
      "samples": [
        {
          "id": "241b9fa1-ac9d-44c2-ade5-edbaeb5ef477",
          "name": "Monroe County Municipal Waste Management Authority",
          "city": "Blakeslee",
          "state": "Pennsylvania",
          "phone": "+1 570-643-6100",
          "site": "http://thewasteauthority.com/",
          "full_address": "183 Commercial Blvd, Blakeslee, PA 18610"
        },
        {
          "id": "165885ae-3dc1-4473-a7a0-5b2bef67d088",
          "name": "Municipal Electronics Division, LLC.",
          "city": "Decatur",
          "state": "Illinois",
          "phone": "+1 217-877-8601",
          "site": "https://municipal-electronics.com/",
          "full_address": "2267 Hubbard Ave, Decatur, IL 62526"
        },
        {
          "id": "7d2f8fc0-b8cb-4396-8ef9-c0e20a6a1980",
          "name": "Municipal Recovery",
          "city": "Wilkes-Barre Township",
          "state": "Pennsylvania",
          "phone": "+1 570-829-3231",
          "site": null,
          "full_address": "495 Stanton St, Wilkes-Barre Township, PA 18702"
        },
        {
          "id": "b5bedd18-d3c3-4c8d-92f4-489bbdd8e13b",
          "name": "Athens Township Municipal Building",
          "city": "Sayre",
          "state": "Pennsylvania",
          "phone": "+1 570-888-2325",
          "site": "http://www.athenstownship.org/",
          "full_address": "45 Herrick Ave, Sayre, PA 18840"
        },
        {
          "id": "79eed5ed-5e3f-4966-9bb7-d5663e425d17",
          "name": "City of Winfield Municipal Operations",
          "city": "Winfield",
          "state": "Kansas",
          "phone": "+1 620-221-5600",
          "site": "https://www.winfieldks.org/departments/operations.php",
          "full_address": "2701 E 9th Ave, Winfield, KS 67156"
        }
      ]
    },
    "Hardware Stores": {
      "count": 487,
      "percentage": "6.0",
      "samples": [
        {
          "id": "1cccb52f-0c09-4d6a-a67c-d6e7b08bff1a",
          "name": "Aubuchon Ace Hardware",
          "city": "Montpelier",
          "state": "Vermont",
          "phone": "+1 802-223-1700",
          "site": "https://www.hardwarestore.com/aubuchon-ace/montpelier-vt",
          "full_address": "40 Main St, Montpelier, VT 05602"
        },
        {
          "id": "e7d86e5c-b1b3-4210-ab37-435a8e249c7f",
          "name": "Pike Depot Home & Hardware",
          "city": "Zebulon",
          "state": "Georgia",
          "phone": "+1 770-567-5580",
          "site": null,
          "full_address": "6325 US-19, Zebulon, GA 30295"
        },
        {
          "id": "3447f2eb-438d-4af2-b5df-ea416990587c",
          "name": "Ace Hardware of Bethel",
          "city": "Bethel",
          "state": "Connecticut",
          "phone": "+1 203-748-4200",
          "site": "http://www.acehardware.com/store-details/17952?utm_source=google",
          "full_address": "211 Greenwood Ave, Bethel, CT 06801"
        },
        {
          "id": "b21d95b4-e4ed-404d-97e4-e0d9949c05fc",
          "name": "Kratzer Do It Best Hardware Store",
          "city": "Elizabethville",
          "state": "Pennsylvania",
          "phone": "+1 717-362-8326",
          "site": "http://kratzer.doitbest.com/",
          "full_address": "416 W Main St, Elizabethville, PA 17023"
        },
        {
          "id": "1baba064-63c0-4e65-bf7c-501cf9f7bd87",
          "name": "True Value Hardware",
          "city": "Vandalia",
          "state": "Illinois",
          "phone": "+1 618-283-9700",
          "site": "https://stores.truevalue.com/il/vandalia/11233",
          "full_address": "2024 Progress W Dr, Vandalia, IL 62471"
        }
      ]
    },
    "Electronic Stores": {
      "count": 633,
      "percentage": "7.8",
      "samples": [
        {
          "id": "dacef316-958f-400f-a8f2-e3eb1212d918",
          "name": "Best Buy Outlet",
          "city": "Burbank",
          "state": "Illinois",
          "phone": "+1 708-930-1091",
          "site": "https://stores.bestbuy.com/il/burbank/7602-s-cicero-ave-2447.html/?ref=NS",
          "full_address": "7602 S Cicero Ave, Burbank, IL 60459"
        },
        {
          "id": "05b1a878-e6a5-41cd-993a-03c704bc104e",
          "name": "Best Buy Market IGA",
          "city": "Lemoore",
          "state": "California",
          "phone": "+1 559-924-5623",
          "site": "https://www.bestbuymarkets.com/weekly-ad/",
          "full_address": "1135 W Bush St, Lemoore, CA 93245"
        },
        {
          "id": "e34131f5-d512-4166-b66f-18142b145444",
          "name": "Best Buy",
          "city": "Smyrna",
          "state": "Georgia",
          "phone": "+1 770-859-9266",
          "site": "https://stores.bestbuy.com/ga/smyrna/2460-cobb-pkwy-se-502.html/?ref=NS",
          "full_address": "2460 Cobb Pkwy SE, Smyrna, GA 30080"
        },
        {
          "id": "3154740f-a123-48c8-9351-95dc368b63cf",
          "name": "Best Buy",
          "city": "Monroe",
          "state": "North Carolina",
          "phone": "+1 704-218-5750",
          "site": "https://stores.bestbuy.com/nc/monroe/2115-w-roosevelt-blvd-2502.html",
          "full_address": "2115 W Roosevelt Blvd Suite 127, Monroe, NC 28110"
        },
        {
          "id": "3e2c4e62-92d4-4b7d-bacc-744b72436cf2",
          "name": "Radio Shack",
          "city": "Ripon",
          "state": "Wisconsin",
          "phone": "+1 920-748-5174",
          "site": "https://ripondrug.com/",
          "full_address": "Ripon, WI 54971"
        }
      ]
    },
    "Waste Management": {
      "count": 989,
      "percentage": "12.2",
      "samples": [
        {
          "id": "61561806-49e1-41cc-b499-6b7e19ef298d",
          "name": "Central Vermont Solid Waste Management District",
          "city": "Montpelier",
          "state": "Vermont",
          "phone": "+1 802-229-9383",
          "site": "http://www.cvswmd.org/",
          "full_address": "137 Barre St, Montpelier, VT 05602"
        },
        {
          "id": "fdf7a465-2289-4ce7-9820-c84982a6149f",
          "name": "Casella Waste Systems",
          "city": "Montpelier",
          "state": "Vermont",
          "phone": "+1 802-232-4051",
          "site": "https://local.casella.com/location/transfer-station/montpelier-vt-418-us-route-2?utm_source=google",
          "full_address": "418 US-2, Montpelier, VT 05602"
        },
        {
          "id": "83d99071-228e-4500-8732-6d3cb8f368a3",
          "name": "Casella Waste Systems - Montpelier Headquarters",
          "city": "Montpelier",
          "state": "Vermont",
          "phone": "+1 802-552-4553",
          "site": "https://local.casella.com/location/hauling/montpelier-vt-408-east-montpelier-road?utm_source=google",
          "full_address": "408 E Montpelier Rd, Montpelier, VT 05602"
        },
        {
          "id": "167234b3-fb59-401d-9709-1ee7322a1265",
          "name": "Casella Waste Systems",
          "city": "Waitsfield",
          "state": "Vermont",
          "phone": "+1 802-449-4097",
          "site": "https://local.casella.com/location/transfer-station/waitsfield-vt-6911-main-street?utm_source=google",
          "full_address": "6911 Main St, Waitsfield, VT 05673"
        },
        {
          "id": "fd673072-b37e-4766-ab51-18b1bc458719",
          "name": "Pilot Waste Solutions LLC",
          "city": "Fairburn",
          "state": "Georgia",
          "phone": "+1 678-481-8663",
          "site": null,
          "full_address": "400 Bohannon Rd, Fairburn, GA 30213"
        }
      ]
    },
    "Auto Related": {
      "count": 161,
      "percentage": "2.0",
      "samples": [
        {
          "id": "aeadb258-a804-42ae-bd9d-201b76fd36ca",
          "name": "Cash For Cars - Raleigh",
          "city": "Dunn",
          "state": "North Carolina",
          "phone": "+1 910-300-5037",
          "site": "https://www.cashforcars.com/locations/north-carolina/raleigh/?utm_source=gmb",
          "full_address": "310 Copart Ln suite b, Dunn, NC 28334"
        },
        {
          "id": "c99a1209-1108-4adb-99b6-1d2ec5f3e33e",
          "name": "Caroline County Public Works",
          "city": "Denton",
          "state": "Maryland",
          "phone": "+1 410-479-0520",
          "site": null,
          "full_address": "520 Wilmuth St, Denton, MD 21629"
        },
        {
          "id": "1db00ff4-74cd-4fcb-9a93-579b1fa8fd5a",
          "name": "Carolina Junk Solutions LLC",
          "city": "Manning",
          "state": "South Carolina",
          "phone": "+1 803-825-7484",
          "site": null,
          "full_address": "1151 Innsbrook Dr, Manning, SC 29102"
        },
        {
          "id": "94d4c81a-209b-42d9-b3ab-5102dd185aae",
          "name": "CarPartsNC",
          "city": "Charlotte",
          "state": "North Carolina",
          "phone": "+1 704-549-4040",
          "site": "http://www.carpartsnc.com/",
          "full_address": "11900 N Tryon St, Charlotte, NC 28262"
        },
        {
          "id": "65b8effd-b829-4b4d-b9f8-6323d2d2f7a1",
          "name": "Safari Global Market (African and Caribbean Retail Store)",
          "city": "Lafayette",
          "state": "Indiana",
          "phone": "+1 765-838-0036",
          "site": "https://safariglobalmarket.com/",
          "full_address": "1221 Sagamore Pkwy N, Lafayette, IN 47904"
        }
      ]
    },
    "Thrift/Donation": {
      "count": 1169,
      "percentage": "14.4",
      "samples": [
        {
          "id": "dd439753-e04c-4506-9ec3-c1241f7d719a",
          "name": "Goodwill Thrift Store & Donation Center",
          "city": "Ellenwood",
          "state": "Georgia",
          "phone": "+1 678-646-6801",
          "site": "https://goodwillng.org/gw-locations/ellenwood-store-donation-center-30294/",
          "full_address": "1790 Panola Rd, Ellenwood, GA 30294"
        },
        {
          "id": "07e28684-ff4c-4bf9-99b6-e7483fedcea0",
          "name": "Goodwill Thrift Store & Donation Center",
          "city": "Atlanta",
          "state": "Georgia",
          "phone": "+1 404-755-6440",
          "site": "https://goodwillng.org/gw-locations/west-end-store-donation-center-30310/",
          "full_address": "888 Ralph David Abernathy Blvd SW, Atlanta, GA 30310"
        },
        {
          "id": "713aa9d8-c369-4256-b779-2798dc8b6b79",
          "name": "Goodwill Thrift Store & Donation Center",
          "city": "Atlanta",
          "state": "Georgia",
          "phone": "+1 404-869-3112",
          "site": "https://goodwillng.org/gw-locations/buckhead-store-donation-center-30342/",
          "full_address": "3906 Roswell Rd NE, Atlanta, GA 30342"
        },
        {
          "id": "fa07844b-31bb-42f1-b316-fc243f5ab362",
          "name": "Goodwill Thrift Store & Donation Center",
          "city": "Atlanta",
          "state": "Georgia",
          "phone": "+1 678-791-1107",
          "site": "https://goodwillng.org/gw-locations/piedmont-store-donation-center-30324/",
          "full_address": "2135 Piedmont Rd NE, Atlanta, GA 30324"
        },
        {
          "id": "6d0052bd-1a90-424d-8f8e-12d09d1bc81c",
          "name": "Goodwill Thrift Store & Donation Center",
          "city": "Atlanta",
          "state": "Georgia",
          "phone": "+1 770-795-4204",
          "site": "https://goodwillng.org/gw-locations/metropolitan-parkway-store-donation-career-center-30315/",
          "full_address": "2160 Metropolitan Pkwy SW, Atlanta, GA 30315"
        }
      ]
    },
    "Retailers": {
      "count": 189,
      "percentage": "2.3",
      "samples": [
        {
          "id": "0f19565e-354b-4402-81c6-5715e23b6b57",
          "name": "Target",
          "city": "Atlanta",
          "state": "Georgia",
          "phone": "+1 404-237-9494",
          "site": "https://www.target.com/sl/buckhead/1197",
          "full_address": "3535 Peachtree Rd NE, Atlanta, GA 30326"
        },
        {
          "id": "480dd162-be06-4926-ba1e-7f8e027d4aea",
          "name": "Target",
          "city": "Atlanta",
          "state": "Georgia",
          "phone": "+1 404-720-1081",
          "site": "https://www.target.com/sl/buckhead-south/2171",
          "full_address": "2539 Piedmont Rd NE, Atlanta, GA 30324"
        },
        {
          "id": "0acae07a-2574-4d8d-9f3e-8a0eea4be313",
          "name": "Target",
          "city": "Atlanta",
          "state": "Georgia",
          "phone": "+1 404-260-0200",
          "site": "https://www.target.com/sl/atlanta-edgewood/1964",
          "full_address": "1275 Caroline St NE, Atlanta, GA 30307"
        },
        {
          "id": "faf20fca-406d-47ed-bad4-adb2f6e78d3c",
          "name": "Target",
          "city": "Gibsonia",
          "state": "Pennsylvania",
          "phone": "+1 724-799-2237",
          "site": "https://www.target.com/sl/richland-twp-north/2262",
          "full_address": "550 Grandview Crossing, Gibsonia, PA 15044"
        },
        {
          "id": "940a3bfa-904a-4bc4-b0cc-1d45db6e195e",
          "name": "Target",
          "city": "Bethel",
          "state": "Connecticut",
          "phone": "+1 203-448-1029",
          "site": "https://www.target.com/sl/bethel/1528",
          "full_address": "7 Stony Hill Rd, Bethel, CT 06801"
        }
      ]
    },
    "Office Supply": {
      "count": 18,
      "percentage": "0.2",
      "samples": [
        {
          "id": "fe1ab97e-f88e-4ad1-9b46-4d6d3d61b1f9",
          "name": "R C Staples Co",
          "city": "Delta",
          "state": "Utah",
          "phone": "+1 435-864-2731",
          "site": null,
          "full_address": "261 W Main St, Delta, UT 84624"
        },
        {
          "id": "c94e8bb4-36e9-4e57-8ab8-cc6f5cec5cff",
          "name": "Office Depot Tech Services",
          "city": "La Crescenta-Montrose",
          "state": "California",
          "phone": "+1 818-330-1385",
          "site": "https://www.officedepot.com/storelocator/ca/la-crescenta/office-depot-517/tech-services/?utm_source=google",
          "full_address": "3030 Foothill Blvd, La Crescenta-Montrose, CA 91214"
        },
        {
          "id": "ca3af9d8-60ca-4767-a93a-fbf445544821",
          "name": "Office Depot Tech Services",
          "city": "Arvada",
          "state": "Colorado",
          "phone": "+1 303-416-8607",
          "site": "https://www.officedepot.com/storelocator/co/arvada/office-depot-2799/tech-services/?utm_source=google",
          "full_address": "12505 W 52nd Ave, Arvada, CO 80002"
        },
        {
          "id": "c52b64b5-554f-4d4d-98a5-8811d7dfab58",
          "name": "Global Ship Center / FedEx / DHL / UPS Full Service Center",
          "city": "Smyrna",
          "state": "Delaware",
          "phone": "+1 302-899-1002",
          "site": "http://www.globalshipcenter.com/",
          "full_address": "74 E Glenwood Ave, Smyrna, DE 19977"
        },
        {
          "id": "101bba6f-6a9b-4b43-a5c0-78fbc57f2178",
          "name": "FedEx",
          "city": "Port Washington",
          "state": "New York",
          "phone": "+1 516-883-2064",
          "site": "https://www.portwashingtonmailroom.com/",
          "full_address": "191 Main St Suite 50, Port Washington, NY 11050"
        }
      ]
    },
    "Suspicious Names": {
      "count": 939,
      "percentage": "11.6",
      "samples": [
        {
          "id": "79a51888-6cca-4357-be08-3d93d9d01b57",
          "name": "Mercury Technologies of Minnesota, Inc",
          "city": "Pine City",
          "state": "Minnesota",
          "phone": "+1 320-629-7888",
          "site": "http://mercurytechnologies-mn.com/",
          "full_address": "1110 Holstein Dr NE, Pine City, MN 55063"
        },
        {
          "id": "7f390b0d-e14d-4122-947a-e0015f821ce5",
          "name": "Dependable Waste Services Inc",
          "city": "Zebulon",
          "state": "Georgia",
          "phone": "+1 770-567-1733",
          "site": "http://dependablewasteservice.com/",
          "full_address": "334 County Farm Rd, Zebulon, GA 30295"
        },
        {
          "id": "8e525ab6-f42e-412f-99cc-7ef650bfd45c",
          "name": "Reliable Asset Recovery, Inc.",
          "city": "Nashua",
          "state": "New Hampshire",
          "phone": "+1 603-434-6000",
          "site": "http://www.rar-recycles.com/",
          "full_address": "39 Bridge St, Nashua, NH 03060"
        },
        {
          "id": "fa340e80-ef7f-4628-8811-f4369373e94c",
          "name": "Keep Atlanta Beautiful, Inc.",
          "city": "Atlanta",
          "state": "Georgia",
          "phone": "+1 404-249-5853",
          "site": "http://keepatlantabeautiful.org/",
          "full_address": "1550 Hosea L Williams Dr NE, Atlanta, GA 30317"
        },
        {
          "id": "fc6b44c0-b956-46ad-9200-70427c3d7223",
          "name": "reuseum educational incorporated",
          "city": "Garden City",
          "state": "Idaho",
          "phone": "+1 208-375-7507",
          "site": "http://educate.reuseum.org/",
          "full_address": "3149 W Chinden Blvd, Garden City, ID 83714"
        }
      ]
    },
    "Missing Website": {
      "count": 1385,
      "percentage": "17.1"
    },
    "Missing Phone": {
      "count": 391,
      "percentage": "4.8"
    },
    "Missing Both Phone & Website": {
      "count": 193,
      "percentage": "2.4"
    }
  },
  "randomSample": [
    {
      "id": "7e3a6e08-c53c-4562-9f90-e83d9a3e80f7",
      "name": "Spotswood Public Works",
      "city": "Spotswood",
      "state": "New Jersey",
      "phone": null,
      "site": null,
      "full_address": "Spotswood, NJ 08884"
    },
    {
      "id": "d7317a0e-a04f-4c61-bd2f-2772c4274986",
      "name": "Colonial Beach Public Works",
      "city": "Colonial Beach",
      "state": "Virginia",
      "phone": "+1 804-224-7260",
      "site": null,
      "full_address": "2301 McKinney Blvd, Colonial Beach, VA 22443"
    },
    {
      "id": "bb5dae06-82e7-42b9-85ee-777202581921",
      "name": "Zebulon Depot",
      "city": "Zebulon",
      "state": "Georgia",
      "phone": null,
      "site": null,
      "full_address": "Depot St, Zebulon, GA 30295"
    },
    {
      "id": "03cb83cc-d22f-40ad-90cb-3f3da68cff0b",
      "name": "The Greensted Fresh-n-Local",
      "city": "Zumbrota",
      "state": "Minnesota",
      "phone": "+1 507-358-2680",
      "site": "http://www.thegreensted.com/",
      "full_address": "224 S Main St Suite 1, Zumbrota, MN 55992"
    },
    {
      "id": "20dcfff1-7381-4d68-9e9b-34fb3fb71e45",
      "name": "Ponderosa Landfill",
      "city": "Mankato",
      "state": "Minnesota",
      "phone": "+1 507-304-4445",
      "site": "https://www.blueearthcountymn.gov/249/Garbage-Solid-Waste",
      "full_address": "20028 Gooseberry Ln, Mankato, MN 56001"
    },
    {
      "id": "09f58964-e959-460d-84c2-0104b006a7cd",
      "name": "Degrood's Appliance",
      "city": "Mankato",
      "state": "Minnesota",
      "phone": "+1 507-388-9391",
      "site": "http://www.shopdegroods.com/",
      "full_address": "220 St Andrews Dr, Mankato, MN 56001"
    },
    {
      "id": "d9e8750e-3850-4808-a3ef-869e26558fa9",
      "name": "Pike County Chamber-Commerce",
      "city": "Zebulon",
      "state": "Georgia",
      "phone": "+1 770-584-5638",
      "site": "http://pikecountygachamber.com/",
      "full_address": "416 Thomaston St, Zebulon, GA 30295"
    },
    {
      "id": "61561806-49e1-41cc-b499-6b7e19ef298d",
      "name": "Central Vermont Solid Waste Management District",
      "city": "Montpelier",
      "state": "Vermont",
      "phone": "+1 802-229-9383",
      "site": "http://www.cvswmd.org/",
      "full_address": "137 Barre St, Montpelier, VT 05602"
    },
    {
      "id": "fdf7a465-2289-4ce7-9820-c84982a6149f",
      "name": "Casella Waste Systems",
      "city": "Montpelier",
      "state": "Vermont",
      "phone": "+1 802-232-4051",
      "site": "https://local.casella.com/location/transfer-station/montpelier-vt-418-us-route-2?utm_source=google",
      "full_address": "418 US-2, Montpelier, VT 05602"
    },
    {
      "id": "83d99071-228e-4500-8732-6d3cb8f368a3",
      "name": "Casella Waste Systems - Montpelier Headquarters",
      "city": "Montpelier",
      "state": "Vermont",
      "phone": "+1 802-552-4553",
      "site": "https://local.casella.com/location/hauling/montpelier-vt-408-east-montpelier-road?utm_source=google",
      "full_address": "408 E Montpelier Rd, Montpelier, VT 05602"
    },
    {
      "id": "1cccb52f-0c09-4d6a-a67c-d6e7b08bff1a",
      "name": "Aubuchon Ace Hardware",
      "city": "Montpelier",
      "state": "Vermont",
      "phone": "+1 802-223-1700",
      "site": "https://www.hardwarestore.com/aubuchon-ace/montpelier-vt",
      "full_address": "40 Main St, Montpelier, VT 05602"
    },
    {
      "id": "167234b3-fb59-401d-9709-1ee7322a1265",
      "name": "Casella Waste Systems",
      "city": "Waitsfield",
      "state": "Vermont",
      "phone": "+1 802-449-4097",
      "site": "https://local.casella.com/location/transfer-station/waitsfield-vt-6911-main-street?utm_source=google",
      "full_address": "6911 Main St, Waitsfield, VT 05673"
    },
    {
      "id": "cd4ec397-5b9f-4a27-b82e-524d51fb73c7",
      "name": "Tractor Supply Co.",
      "city": "Montpelier",
      "state": "Vermont",
      "phone": "+1 802-223-2246",
      "site": "https://www.tractorsupply.com/tsc/store_Montpelier-VT-05602_1137?utm_source=localgmblisting",
      "full_address": "352 River St, Montpelier, VT 05602"
    },
    {
      "id": "79a51888-6cca-4357-be08-3d93d9d01b57",
      "name": "Mercury Technologies of Minnesota, Inc",
      "city": "Pine City",
      "state": "Minnesota",
      "phone": "+1 320-629-7888",
      "site": "http://mercurytechnologies-mn.com/",
      "full_address": "1110 Holstein Dr NE, Pine City, MN 55063"
    },
    {
      "id": "cc25c26e-824d-417f-855d-0d13483d0b58",
      "name": "Hunger Mountain Co-op",
      "city": "Montpelier",
      "state": "Vermont",
      "phone": "+1 802-223-8000",
      "site": "https://hungermountain.coop/",
      "full_address": "623 Stone Cutters Way, Montpelier, VT 05602"
    },
    {
      "id": "73344ca4-8c34-4599-8838-a8c1f80a1171",
      "name": "Dakota County Recycling Zone",
      "city": "Eagan",
      "state": "Minnesota",
      "phone": "+1 952-891-7800",
      "site": "https://www.co.dakota.mn.us/environment/recyclingzone",
      "full_address": "3365 Dodd Rd, Eagan, MN 55121"
    },
    {
      "id": "9178e543-b855-4c17-b841-9766909cdca6",
      "name": "LCO Recycling Center",
      "city": "Hayward",
      "state": "Wisconsin",
      "phone": "+1 715-558-7851",
      "site": "https://lco-nsn.gov/recycling-center/",
      "full_address": "10085 N Round Lake School Rd House Road, Hayward, WI 54843"
    },
    {
      "id": "6584ef58-132e-4e38-ba36-400e74b488db",
      "name": "AD Metal Recycling",
      "city": "Morrow",
      "state": "Georgia",
      "phone": "+1 770-755-5854",
      "site": "http://www.admetalrecycling.com/",
      "full_address": "1911 Forest Pkwy, Morrow, GA 30260"
    },
    {
      "id": "61d92c7b-4adf-4fe0-829a-5e7e4e57c044",
      "name": "Cellairis (#1 Certified Repair in Southlake Mall) iPhone, IPad, Samsung, Tablets, Laptops, PC and Gaming Consoles",
      "city": "Morrow",
      "state": "Georgia",
      "phone": "+1 678-422-0508",
      "site": "https://cellairissouthlak.joinadcentral.site/book-your-repair/",
      "full_address": "1000 Southlake Cir, Morrow, GA 30260"
    },
    {
      "id": "a84ecf18-aa24-4e48-9e7c-40f86baf8fe7",
      "name": "Georgia Environmental Specialist",
      "city": "Morrow",
      "state": "Georgia",
      "phone": "+1 770-968-4098",
      "site": "https://www.georgiaenvironmentalspecialist.com/",
      "full_address": "1758 Nolan Ct, Morrow, GA 30260"
    }
  ],
  "recommendations": "🎯 RECOMMENDATIONS FOR UNSCORED ENTRIES:\n\nTIER 1 - SAFE TO REMOVE (350 entries, 4.3%):\n  • Retailers: 189 entries - Clearly not electronics recycling\n  • Auto Related: 161 entries - Clearly not electronics recycling\n\nTIER 2 - NEEDS REVIEW (698 entries, 8.6%):\n  • Hardware Stores: 487 entries - Some may be legitimate, needs manual review\n  • Office Supply: 18 entries - Some may be legitimate, needs manual review\n  • Missing Both Phone & Website: 193 entries - Some may be legitimate, needs manual review\n\nTIER 3 - LIKELY LEGITIMATE (3635 entries, 44.8%):\n  • Municipal/Government: 844 entries - Probably legitimate but unverified\n  • Electronic Stores: 633 entries - Probably legitimate but unverified\n  • Waste Management: 989 entries - Probably legitimate but unverified\n  • Thrift/Donation: 1169 entries - Probably legitimate but unverified\n\nUNCATEGORIZED: 3436 entries (42.3%) - Needs further analysis\n\n📈 PROPOSED ACTIONS:\n1. Remove Tier 1 (350 entries) - Safe cleanup\n2. Score Tier 3 (3635 entries) - Run legitimacy scoring\n3. Manual review Tier 2 (698 entries) - Sample and decide\n4. Analyze uncategorized (3436 entries) - Further investigation needed\n"
}